{"conditions": {"press": 1005.2225, "humid": 99.993896484375, "temp": 17.29278564453125}, "datetime": "20160404 17:49:52+0000"}{"conditions": {"press": 1004.93, "humid": 99.993896484375, "temp": 17.29278564453125}, "datetime": "20160404 17:50:03+0000"}