{"conditions": {"press": 1005.2225, "humid": 99.993896484375, "temp": 17.29278564453125}, "datetime": "20160404 17:49:52+0000"}
{"conditions": {"press": 1004.93, "humid": 99.993896484375, "temp": 17.29278564453125}, "datetime": "20160404 17:50:03+0000"}
{"conditions": {"press": 0, "humid": 85.333251953125, "wind": {"direction": 0, "speed": 0.4275036932459652}, "temp": 24.5135498046875}, "datetime": "20160515 18:30:30+0000"}
